Sehir,Sube_Adi,Adres,Place_ID
Adana,Turgut Özal Cadde DeFacto,"Toros Mahallesi Turgut Özal Bulvarı Numara: 183F, Toros, Turgut Özal Blv. No:181, 01170 Çukurova/Adana, Türkiye",ChIJD3eOSFOJKBURkT5-UVzzunU
Adana,DeFacto,"Toros, Şehitler Bulvarı Akmanlar Apt No: 75/G, 01170 Çukurova/Adana, Türkiye",ChIJHb9BF9KOKBUR-3h07ypzoS4
Adana,DeFacto,"Yeni, 87071. Sk. 7/A, 01200 Seyhan/Adana, Türkiye",ChIJ5XOcC3GIKBURGsn7NNzg4N4
Adana,DeFacto,"Sinanpaşa, Hacı Sabancı Blv. No:28, 01220 Yüreğir/Adana, Türkiye",ChIJSZWw_AuPKBURu03d1kVyFVg
Adana,DeFacto,"Kuruköprü Mah. Çakmak Cad, 33023. Sk. No: 7/A-20/A, 01060 Seyhan/Adana, Türkiye",ChIJLx4GdmePKBURo3qEJEkOHPo
Adıyaman,DeFacto,"Yeni Sanayi, 2819. Sk. No: 70, 02040 Adıyaman Merkez/Adıyaman, Türkiye",ChIJp1G0BBUTMxURQsKxIfKmVu0
Adıyaman,DeFacto,"Hocaömer Mahallesi Gölbaşı Caddesi Numara: 32B, Adıyaman Merkez/Adıyaman, Türkiye",ChIJq6r-73cTMxURcIAT2v6sBkU
Adıyaman,DeFacto,"Hocaömer, Gölbaşı Cd. 32/B, 02100 Adıyaman Merkez/Adıyaman, Türkiye",ChIJpW7pW5wTMxURcZ7e24WlD8o
Afyonkarahisar,DeFacto,"Güvenevler Mah. Mareşal Fevzi Çakmak Bulv. 2096, Sok No:2, 03040 Afyonkarahisar Merkez/Afyonkarahisar, Türkiye",ChIJk3VbbLcXzxQROEnOz3opG6Q
Afyonkarahisar,DeFacto,"Afium AVM, Dörtyol, Turgut Özal Cad No: 40-3A-4A Kat: 2, 03030 Afyonkarahisar Merkez/Afyonkarahisar, Türkiye",ChIJu5-BuMQXzxQRTL026a_zz1A
Afyonkarahisar,DeFacto,"Burmalı, 24. Sk. No:2, 03100 Afyonkarahisar Merkez/Afyonkarahisar, Türkiye",ChIJd5CbG9IXzxQReozYAyQdBlk
Ağrı,DeFacto,"Yenişehir Mah. Vali Ozan Cad. Mardian AVM Apt. No: 1/1, D:15, 47200 Artuklu/Mardin, Türkiye",ChIJFbyVtK6JCkARHjHrJfJsRUU
Ağrı,DeFacto,"Movapark AVM D:30K, Mardin Cd., 47400 Kızıltepe/Mardin, Türkiye",ChIJVVVVVcqICkARK6sginwpNqw
Ağrı,DeFacto,"Cumhuriyet, Av. İbrahim Bozyel Cd. No: 49/A, 76000 Iğdır Merkez/Iğdır, Türkiye",ChIJxxevLcUga0ARusfL4xwGf-Q
Ağrı,DeFacto,"Peyas Mah. Urfa Bulv. Ceylan Park AVM No: 130/1K-28, 21070 Kayapınar/Diyarbakır, Türkiye",ChIJPYORXQcfdUAROpgxT97xU3I
Ağrı,DeFacto,"Kültür Mah. Turgut Özal Bulv Batman Park Alışveriş Merkezi No: 315 Kat: Giriş Daire: G9-10, 72060 Batman Merkez/Batman, Türkiye",ChIJ-_EageJGC0ARy25u03wL-Go
Ağrı,DeFacto - Forum Diyarbakır AVM Şubesi,"Forum Diyarbakir AVM, Fabrika, Elazig Bulv No: 155 Daire: 21, 21100 Yenişehir/Diyarbakır, Türkiye",ChIJM5Ao1CAedUARnmym7wtxX-U
Ağrı,DeFacto,"Kooperatifler, Şanlıurfa Yolu Ninova Park Alışveriş Merkezi 1. Km Kat: Zemin Daire: 015, 21080 Bağlar/Diyarbakır, Türkiye",ChIJH_dDdMAfdUARTyjSOMMNfKs
Ağrı,DeFacto,"Muratpaşa Mah. Cumhuriyet Cad. Palerium AVM No: 22 Daire: 58, 25100 Yakutiye/Erzurum, Türkiye",ChIJX72cKBBfbkARuhfQyfnFJQI
Ağrı,DeFacto,"Oran Mah. Kudüs Cad. Panora AVM No: 3 Daire: 317, 06550 Çankaya/Ankara, Türkiye",ChIJaeAasaFF0xQRWoB-Q8bdS_A
Ağrı,DeFacto,"Uzunyalı, Dr. Alper Temur Cad İstanbul Bazaar AVM No: 6 Daire: 24-26, 08610 Hopa/Artvin, Türkiye",ChIJ_b-8uLyWZ0ARthbsuMD36eU
Ağrı,DeFacto Outlet,"Tevfik İleri, Eskiköy Cd. 2. Sk, 06145 Pursaklar/Ankara, Türkiye",ChIJbwarDwUIgkARMZypyNzyN2A
Ağrı,DeFacto,"Saray, Cumhuriyet Cd. No: 85, 13200 Tatvan/Bitlis, Türkiye",ChIJU8i8U0s5DUARix9VBqM6Ip4
Ağrı,DeFacto,"Cumhuriyet, Malatya Cd. Elysium AVM No:10 D:Z020, 23270 Elazığ Merkez/Elazığ, Türkiye",ChIJWaC2CcnBdkARKx-CuVMubO8
Ağrı,DeFacto,"İzzet Paşa, Gazi Cd. No:14, 23200 Elazığ Merkez/Elazığ, Türkiye",ChIJ5x-GJWXAdkARO-uDin_SnIo
Ağrı,DeFacto,"Winstown AVM, Talaytepe, 4005. Sok No:92 No: 1A, 21070 Kayapınar/Diyarbakır, Türkiye",ChIJL0884x8ddUAR5sGt7ndti0w
Ağrı,DeFacto,"Yeşilırmak Mah. Novada Tokat No: 3 Merkez, Vali Zekai Gümüşdiş Blv., 60030 Tokat Merkez/Tokat, Türkiye",ChIJJxbYslq3fUARzv_lLFwTlRc
Ağrı,DeFacto,"Kızılay, Atatürk Blv Kızılay AVM Kat: B1 Daire: 11, 06420 Çankaya/Ankara, Türkiye",ChIJbwIBDwBP0xQRK9tsKGVr4FM
Amasya,DeFacto,"Yüzevler, Merkez, Mustafa Kemal Paşa Cd. 56/A, 05100 Amasya Merkez/Amasya, Türkiye",ChIJbfWvE01uh0ARyezoyDlfnCQ
Ankara,DeFacto,"Macun, 171. Sk. Gimart Outlet AVM No: 2 Daire: 44, 06105 Yenimahalle/Ankara, Türkiye",ChIJPVWF1v1I0xQRfginofd55QE
Ankara,DeFacto,"Gazi Mah. Konya Devlet Yolu, Mevlana Blv. Ankamall AVM Üzeri No: 2 Daire: B17, 06560 Yenimahalle/Ankara, Türkiye",ChIJ41RFjZVO0xQR-kLnOY7UZLQ
Ankara,DeFacto,"Ovacık, Yozgat Blv. Forum Ankara Outlet No: 99 Kat: Giriş Daire: G33, 06280 Keçiören/Ankara, Türkiye",ChIJm_fp62FM0xQR8LSVN8UZa7w
Ankara,DeFacto,"Macun, Fatih Sultan Mehmet Blv No:244, 06105 Yenimahalle/Ankara, Türkiye",ChIJhaVACgdJ0xQRvnIKEAN2wGc
Ankara,DeFacto,"Şeker Mh, Ayaş Ankara Yolu Blv. No:114, 06820 Etimesgut/Ankara, Türkiye",ChIJMaJFuSQ30xQR0IFDiGLjXPM
Ankara,DeFacto,"Mustafa Kemal Mah. Eskisehir Yolu 7.Km, Kentpark AVM No: 164/1 Kat: -1 Daire: 60, 06530 Çankaya/Ankara, Türkiye",ChIJk_tp6ydG0xQRr8YzHn0OaBo
Ankara,DeFacto,"Mehmet Akif Ersoy, 286. Sk., 06200 Yenimahalle/Ankara, Türkiye",ChIJ28DPIQxJ0xQR9NgLkJl2pr0
Ankara,DeFacto,"Kardelen Mah. Başkent Bulv. Atlantis AVM No:224, Kat: Zemin Daire: 36, 06370 Yenimahalle/Ankara, Türkiye",ChIJf7UdPTQ20xQRgx8YRVVBbL8
Ankara,DeFacto,"İşçi Blokları, Mevlana Blv. No:190, 06530 Çankaya/Ankara, Türkiye",ChIJSWo3IeNF0xQRRlwrfE40v3k
Ankara,DeFacto,"Akşemsettin Mah, Boğaziçi, 2308. Sk. Anatolium Alışveriş Merkezi No: 1B/1K Daire: 43, 06480 Mamak/Ankara, Türkiye",ChIJOQywzCBR0xQR2h7OuWtOxlo
Ankara,DeFacto,"Metromall, Tunahan, Dumlupınar 30 Ağustos Cd. No: 2/A, 06824 Etimesgut/Ankara, Türkiye",ChIJ57rz3V8x0xQR0PYh6cm5Pd4
Ankara,DeFacto,"Hasköy Mah. Şehit Ömer Halisdemir Bulv. Vega AVM No: 165/81 Daire: 118, 06135 Keçiören/Ankara, Türkiye",ChIJ-RDsruVN0xQR_j4l8URaRy8
Ankara,DeFacto,"Akşemsettin, Akşemsettin Cad NataVega Outlet Alışveriş Merkezi No: 1/B-17, 06270 Mamak/Ankara, Türkiye",ChIJ-_axwk9Q0xQRwQlg6db5_Ts
Ankara,Defacto,"Ankara Optimum Outlet, Etiler, Ayaş Ankara Yolu Blv. No:93, 06796 Etimesgut/Ankara, Türkiye",ChIJUWovjk030xQRB7IAC9rDc8s
Ankara,DeFacto,"Topçu, 1464. Cad. No: 63/B, 06796 Etimesgut/Ankara, Türkiye",ChIJ4bCW2BE60xQRGMjWxlrrj9g
Ankara,DeFacto,"Atatürk, Atatürk Cd. No: 56/A, 06930 Sincan/Ankara, Türkiye",ChIJ78SeiH060xQRPylFC7qh6q8
Ankara,DeFacto,"Ayvalı Mah. Halil Sezai Erkut Cad, Afra Cd Antares AVM No: 1/85 Kat: 1 Daire: 180-181C-D, 06010 Keçiören/Ankara, Türkiye",ChIJk2lVRR1M0xQRpA_SPxWZYZg
Antalya,DeFacto,"Sütçüler, Yeşilırmak Cd. No: 164 D:1A, 07320 Kepez/Antalya, Türkiye",ChIJDy4_93-FwxQRp5qONi0nQD4
Antalya,DeFacto,"Fabrikalar Mah. Dumlupınar Bulv. Erasta AVM No: 49 Kat: Zemin Daire: 26-27, Kepez, 07090 Kepez/Antalya, Türkiye",ChIJhaXHkCyOwxQRS85xlYGnMXA
Antalya,DeFacto,"Tahılpazarı Mah. Şarampol Cad MarkAntalya Alışveriş Merkezi No: 84 Daire: 1BK064, 07040 Muratpaşa/Antalya, Türkiye",ChIJLZQDu_2PwxQRvV_yvbp5O9I
Antalya,DeFacto,"Mall of Antalya, Altınova Sinan, Serik Cd. No: 89/44, 07170 Kepez/Antalya, Türkiye",ChIJQwBk12uEwxQRZWZT_XM2bkc
Antalya,Defacto Outlet,"Mehmet Akif Ersoy, Yeşilırmak Cd. No:174, 07320 Kepez/Antalya, Türkiye",ChIJq6L1X4eFwxQR7brP5LDzLTs
Antalya,DeFacto,"Fener, Tekelioğlu Cd. TerraCity AVM No: 174, 07160 Muratpaşa/Antalya, Türkiye",ChIJtyNoJ-KawxQRHzg7lVKvlTM
Antalya,DeFacto,"Fabrikalar, Fikri Erten Cd. No:2, 07090 Kepez/Antalya, Türkiye",ChIJKV03asWPwxQR4b0ltEf-No0
Antalya,DeFacto,"Aşağı Hisar, Antalya Cd. No: 21, 07600 Manavgat/Antalya, Türkiye",ChIJE-9sQddZwxQR5LrDyj0lJeg
Antalya,DeFacto,"Yeni Mah. Dr. Derviş Eroğlu Dörtyol Bulv. No: 9 Daire: 1-Z1, 07980 Kemer/Antalya, Türkiye",ChIJe3jhBpa3wxQRzffV3AXdMew
Antalya,Defacto,"Fabrikalar, 3022. Sk., 07090 Kepez/Antalya, Türkiye",ChIJsQmvYNGPwxQR-_GRwkPOxXU
Antalya,DeFacto,"Altınova Sinan, Serik Cd. No:27B, 07170 Kepez/Antalya, Türkiye",ChIJzRM_YPeEwxQRVZ99V1B8-3Q
Antalya,DeFacto,"Elmalı, Kazım Özalp Cd. No: 93, 07040 Muratpaşa/Antalya, Türkiye",ChIJxZ6AYgKQwxQROeIwWGzLkEg
Aydın,DeFacto,"Ramazan Pasa Mah. Umut ve Sevgi Cad, Hasanefendi - Ramazan Paşa, No: 11/1, 09100 Efeler/Aydın, Türkiye",ChIJF46xNW4ruRQRzD5OEFIkMCU
Aydın,DeFacto,"Orta, Müze Blv. No:1, 09010 Efeler/Aydın, Türkiye",ChIJ6aBi-REruRQReM73aptvfUc
Aydın,DeFacto,"OPS mall, Çeştepe, Muğla Blv. No:107 İç kapı no:70 ve 147, 09000 Efeler/Aydın, Türkiye",ChIJ6WRwa1IruRQRd-jJuTG6-ZU
Balıkesir,DeFacto,"Eski Kuyumcular, Milli Kuvvetler Cd. No:26, 10010 Karesi/Balıkesir, Türkiye",ChIJUf0ZLUoAtxQRpnu2Vh2a9Tk
Bilecik,DeFacto,"Yenidoğan Mah. Mal Hatun Cad. Sarar AVM No: 251 Kat: 2 Daire: 9-10-11, 11300 Bozüyük/Bilecik, Türkiye",ChIJnS6KEITxyxQRQPdOS-Krrq0
Bilecik,Defacto,"Kasımpaşa, Hükümet Cd. No:12, 11300 Bozüyük/Bilecik, Türkiye",ChIJv0i27WXxyxQRmpfBAJXz0vw
Bolu,DeFacto - Bolu Cadde Mağazası,"Büyükcami, Parti Sk. No:2A, 14200 Bolu Merkez/Bolu, Türkiye",ChIJxagpwoE_nUARRC2oy2QC2BA
Bolu,DeFacto,"Yolçatı Köyü, Anadolu Otoyolu HighWay Outlet 227. Km No: 2/C Daire: ZD18-19, 14300 Bolu Merkez/Bolu, Türkiye",ChIJ____vwNrnUAR8WiYl_WnZ6Y
Bolu,DeFacto,"Tabaklar, İzzet Baysal Cd. No:29, 14000 Bolu Merkez/Bolu, Türkiye",ChIJY8bcSms_nUARFDhp4tllcbs
Bolu,DeFacto,"Paşaköy Mah. 1522. Ada 9. Parsel D-100 Karayolu 14 Burda No: 8 D: 17, 14100 Bolu Merkez/Bolu, Türkiye",ChIJvek3BIk_nUARva7ktbbKIns
Burdur,DeFacto,"Süleyman Demirel Bulv. Iyaş Park No:72 K:Zemin D:44, 32200 Merkez/Isparta, Türkiye",ChIJNaZriea1xRQRptLnpOszBZs
Burdur,DeFacto,"Pirimehmet, Mimar Sinan Cd. No:1-11, 32100 Merkez/Isparta, Türkiye",ChIJX_-vlr61xRQRXJmgaP45wwE
Bursa,DeFacto,"Fethiye, Fatih Sultan Mehmet Blv. No:167, 16140 Ni̇lüfer/Bursa, Türkiye",ChIJH4Nbo0AUyhQRpXr7Iq2x_-0
Bursa,DeFacto,"No: 64 Mağaza: C1-0031-Z3-0009 Santral Garaj Kıbrıs Şehitleri Caddesi, Bursa Kent Meydanı AVM, Osmangazi̇/Bursa, Türkiye",ChIJFQxNdQ4-yhQRkuK5E4SonJA
Bursa,DeFacto,"Reyhan, Haşim İşcan Cd. No: 4/A-B, 16030 Osmangazi̇/Bursa, Türkiye",ChIJn1ABxQk-yhQRJtKHPUTgIS4
Bursa,DeFacto,"Demirtaş Dumlupınar Mah. İstanbul Cad, As Merkez AVM No: 475, 16120 Osmangazi̇/Bursa, Türkiye",ChIJc3LQLkw_yhQRPJvwdwzqmy4
Bursa,DeFacto,"Emek Adnan Menderes, Sanayi Cd. Korupark Alışveriş Merkezi 9. Km No: D:2, 16180 Osmangazi̇/Bursa, Türkiye",ChIJXXuGKXwUyhQRzxxcmVj4bdc
Bursa,DeFacto,"Odunluk, Akademi Cd No:6, 16265 Ni̇lüfer/Bursa, Türkiye",ChIJLYAeRyoUyhQR2VmEoYc1DW4
Bursa,DeFactoFit,"Santral Garaj Mah. Kıbrıs Şehitleri Cad Kent Meydanı AVM No: 64 Kat: Z3 Daire: C1-0031- 0009, 16140 Osmangazi̇/Bursa, Türkiye",ChIJ-5C2Sg4-yhQR6YAp64EVCNk
Bursa,DeFacto,"Alaşarköy, İstanbul Cd No:485, 16100 Osmangazi̇/Bursa, Türkiye",ChIJL5eQWQZAyhQRHoO2JMNivfY
Bursa,DeFacto,"İstiklal, Yunuseli Blv No: 13-157, 16200 Osmangazi̇/Bursa, Türkiye",ChIJZ8qgN7oVyhQR3qjMXtMQ_BQ
Bursa,DeFacto,"Osmaniye Mah. Altay Cad. İnegöl AVM No: 2/E Kat: Zemin Daire: 03, D:03A, 16400 İnegöl/Bursa, Türkiye",ChIJd4mXReDLyxQRP0fNq_9vnPw
Bursa,DeFacto,"Santral Garaj Mahallesi Kıbrıs Şehitleri Caddesi Numara: 64-Z08, Osmangazi̇/Bursa, Türkiye",ChIJq8ZOJBA-yhQR_QW0OwBwqDc
Bursa,DeFacto,"Alaşarköy, Anatolium Bursa AVM D:328-346 Numaralı, 16245 Osmangazi̇/Bursa, Türkiye",ChIJyzpxcj5AyhQRIHtL3r8QJ74
Çanakkale,DeFacto,"Burda Alışveriş Merkezi, Barbaros, Atatürk Cd. No: 207, 17020 Çanakkale Merkez/Çanakkale, Türkiye",ChIJ36TWqfupsRQRN1iGccIHsv0
Çanakkale,DeFacto,"Çanakkale Central, Kemalpaşa, Demircioğlu Cd. no:5, 17100 Çanakkale Merkez/Çanakkale, Türkiye",ChIJ1WO9etCpsRQRZye5D29XbbI
Çankırı,DeFacto,"Buğday Pazarı Mah. Çarşamba Pazarı Cad. Yunus Çankırı AVM No: 4 D: 111-113 Merkez, 18100 Çankırı, Türkiye",ChIJESmTLoPEg0ARYyRImN5aK5M
Çorum,DeFacto,"Çepni, Kerebi Gazi 1. Sk. No:7, 19040 Çorum Merkez/Çorum, Türkiye",ChIJc4LZS7sqh0AROY4-Gwe4TqY
Çorum,DeFacto,"Yeniyol, Gazi Cd. 20/E, 19200 Merkez/Çorum Merkez/Çorum, Türkiye",ChIJMV0xZ5cqh0ARG8RF-V5ry0k
Denizli,DeFacto,"Saraylar, Enverpaşa Cd. 34/A, 20010 Denizli Merkezefendi/Denizli, Türkiye",ChIJN3DhqbE_xxQRU8XTsUAE7BU
Denizli,DeFacto,"Mehmetçik, Doğan Demircioğlu Cd. No:2, 20170 Merkez/Denizli, Türkiye",ChIJRe8a0x0_xxQR-KYPhTqF9IY
Denizli,DeFacto,"Yenişehir, Teras Park AVM No:55 Mağaza 1B - 24, 20040 Denizli Merkezefendi/Denizli, Türkiye",ChIJP18mMqBAxxQRHYoREQTN_Mg
Edirne,DeFacto,"Magi Outlet, 1. Murat, Talat Paşa Cad No: 60, 22100 Edirne Merkez/Edirne, Türkiye",ChIJRxVKlosvsxQR2qp0OEQK8gw
Edirne,DeFacto,"Abdurrahman, Atatürk Blv No:235, 22100 Edirne Merkez/Edirne, Türkiye",ChIJLdQdo4QvsxQR6SSYs8bBdlo
Edirne,DeFacto,"Sabuni, Saraçlar Cd. No:102, 22100 Edirne Merkez/Edirne, Türkiye",ChIJXw07bXovsxQRfoq7NW_LVtQ
Erzincan,DeFacto,"Karaağaç, Fevzi Paşa Cd. No: 28/B, 24100 Erzincan Merkez/Erzincan, Türkiye",ChIJxyTHi8sMcEARwDPHiohAVQM
Erzincan,DeFacto,"Karaağaç, Fevzi Paşa Cd. No:28 D:B, 24050 Erzincan Merkez/Erzincan, Türkiye",ChIJu_tGFs4McEARz9o5DnUDauo
Erzincan,DeFacto,"Mimar Sinan Mah Halitpaşa Cad. Erzincan Park AVM No:151, 24050 Erzincan Merkez/Erzincan, Türkiye",ChIJzdD0ulFzcEARcRVdXF_45GM
Erzurum,DeFacto,"MNG AVM, Lalapaşa, Somunoğlu Cd. No: 83, 25100 Yakutiye/Erzurum, Türkiye",ChIJjb_fpTxfbkARplYDtVZlan0
Eskişehir,Defacto,"Profesör Doktor, Eskibağlar, Yılmaz Büyükerşen Blv No:21, 26170 Tepebaşı/Eskişehir, Türkiye",ChIJyT3_l-MVzBQRW9tYRTsQ_Ek
Eskişehir,DeFacto,"Arifiye, İki Eylül Cd. No: 19/B, 26010 Odunpazarı/Eskişehir, Türkiye",ChIJJ9GSNQYWzBQR2N1CKQdc30w
Eskişehir,DeFacto,"Deliklitaş, Hamam Yolu Cd No: 59, 26090 Odunpazarı/Eskişehir, Türkiye",ChIJNUhxcAMWzBQRTjfuGO3u7TM
Eskişehir,DeFacto,"Çamlıca Mah. Gülperi Sok. Vega Outlet Eskişehir No: 1 Kat: Zemin Daire: 30, 26180 Tepebaşı/Eskişehir, Türkiye",ChIJuwKEvRQXzBQR9mnWdyQU2Mg
Gaziantep,DeFacto,"Alaybey, Mütercim Asım Cd No:15, 27220 Şahinbey/Gaziantep, Türkiye",ChIJg6rUp7TmMRUREFq7mP_Di4Y
Gaziantep,DeFacto,"Yaprak, İstasyon Cd. Forum Gaziantep AVM FF Blok No: 76/L Daire: 13, 27080 Şehitkamil/Gaziantep, Türkiye",ChIJ62Wd-1LhMRURzL3hg059Ow4
Gaziantep,DeFacto,"Osmangazi Mah. Prof. Dr. Necmettin Erbakan Cad. No: 71 K: Zemin D: 71/ZK-S-01, Primemall AVM, 27560 Şehitkamil/Gaziantep, Türkiye",ChIJP_LTlUfgMRURKdcBioCSAzk
Gaziantep,DeFacto,"Mah. Meşeral, Pancarlı, Fevzi Çakmak Blv. Sanko Park Alışveriş Merkezi, 27000 Şehitkamil/Gaziantep, Türkiye",ChIJIzkjMBThMRURYkFUabl1LSs
Giresun,DeFacto,"Sultan Selim, Gazi Cd. No:41, 28100 Giresun Merkez/Giresun, Türkiye",ChIJ0_sdu1FsY0ARGXXuFV3PoOI
Gümüşhane,DeFacto,"Kalkınma, Devlet Karayolu Cd Forum AVM B1 Blok No: 111 Daire: 3, 61100 Ortahisar/Trabzon, Türkiye",ChIJb4yoYXk8ZEARK3TKj0J35qg
Hatay,DeFacto,"Primemall AVM, Akasya, Şükrü Balcı Cd. No:203 K:1, 31030 Antakya/Hatay, Türkiye",ChIJ9VSEX17CJRUR23ytYPnXNEw
Hatay,Defacto,"Serinyol, Hatay Cd. No:110, 31115 Antakya/Hatay, Türkiye",ChIJjeDZuJntJRURHsbw2g570sM
Hatay,DeFacto,"Numune Evler, Çayli Cd No:87, 31600 Dörtyol/Hatay, Türkiye",ChIJ9ZE8mmQ_LxURdWcZtSFVvWs
Hatay,DeFacto,"Numune Mah. Eyüp Sultan Cad. Primemall No: 1, 31230 İskenderun/Hatay, Türkiye",ChIJxcD_zdtYLxURhZqLFCaWo6Q
Hatay,Defacto,"Yeni, Atatürk Cd. No:100, 31500 Reyhanlı/Hatay, Türkiye",ChIJmbfzNtiCJRURofUzlwZdd94
Hatay,Arsuz Defacto Koton Cazador,"Uluçınar, İskenderun Arsuz Yolu no 56, 31100 Arsuz/Hatay, Türkiye",ChIJ3T6UciUJJhUR7mVzvN7b4EM
Hatay,DeFacto,"Savaş, Şht. Pamir Cd. No:28, 31200 İskenderun/Hatay, Türkiye",ChIJP59ZAi5ZLxURRewFW1n3K1o
Hatay,Kırıkhan Defacto,"Kurtuluş, Genaral Şükrü Kanadlı Cd No:21 D:13, 31440 Kırıkhan/Hatay, Türkiye",ChIJk2uPLyFiLxURtKq-i-3FCaE
Hatay,Samandağ Defacto giyim mağazası,"Atatürk, Ahmet Yesevi Cd. No: 15A, 31795 Samandağ/Hatay, Türkiye",ChIJ33KNM6HXJRURDRCj-X_ZuSs
Hatay,DeFacto,"Süleymaniye, Kazım Karabekir Cd. No:97/1, 31200 İskenderun/Hatay, Türkiye",ChIJ-3PbADpZLxURby83PlJ5UGc
Hatay,Defacto,"Serinyol, 31115 Antakya/Hatay, Türkiye",ChIJzTFXvrvtJRUR1tZkEQF0Qfg
Hatay,Defacto Antakya HATAY,"Küçükdalyan, Hürriyet Cd. No:16 / A, 31000 Hatay Merkez/Hatay, Türkiye",ChIJa90Y0yDCJRURKmIlvgNZpMU
Mersin,DeFacto,"Fevzi Çakmak, Adana Blv. No:57, 33460 Tarsus/Mersin, Türkiye",ChIJ7YnMPl_eJxURbcsUAeOscmo
Mersin,DeFacto,"Güvenevler, 1. Cd. No:133, 33140 Yenişehir/Mersin, Türkiye",ChIJeU7cZK_0JxURfR-4MIlCrlw
Mersin,DeFacto,"Limonluk, 36. Cadde No:2, 33110 Yenişehir/Mersin, Türkiye",ChIJUdNvJZ30JxURTCvJxxqZQCE
Mersin,DeFacto,"Akkent, Hüseyin Okan Merzeci Blv Kipa AVM No: 759, 33160 Yenişehir/Mersin, Türkiye",ChIJdU8mGSCLJxUR_lxVHOCitog
Mersin,DeFacto,"Merkez, Gazi Mustafa Kemal Blv. No:838, 33330 Mezitli/Mersin, Türkiye",ChIJmd5LUgCLJxURkjer-Msh2C8
Mersin,DeFacto,"Mahmudiye, Kuvayi Milliye Cd. No: 75/A, 33070 Akdeniz/Mersin, Türkiye",ChIJ01UZ1wnzJxUR-Ny5BA5j_i0
Mersin,DeFacto,"Forum AVM, Güvenevler, 1. Cd. no:120 İç kapı no:6, 33140 Yenişehir/Mersin, Türkiye",ChIJGdbZdq_0JxURYuuD7wXxP6I
İstanbul,DeFacto,"Atatürk, Bahariye Cd. No:2/1, 34307 Küçükçekmece/İstanbul, Türkiye",ChIJU3uNO5KlyhQRHXndieiLqvM
İstanbul,DeFacto Outlet,"Atatürk, Orhan Veli Cd. No:6/2, 34522 Esenyurt/İstanbul, Türkiye",ChIJJ98SFQhftRQRiqujS7H4qRE
İstanbul,Defacto,"Asmalı Mescit, İstiklal Cd. No: 124, 34433 Beyoğlu/İstanbul, Türkiye",ChIJr_LjyGy3yhQRa6P7O90JDSQ
İstanbul,DeFacto,"Hobyar Mahallesi Mimar Kemalettin Caddesi Numara: 9, D:2, 34112 Fatih/İstanbul, Türkiye",ChIJQQHRwCm5yhQR2woJ9ZUL9Lc
İstanbul,DeFacto,"Osmaniye, Çobançeşme Koşuyolu Blv No:3, 34146 Bakırköy/İstanbul, Türkiye",ChIJkxT0u2u7yhQRsTxoIR9TM5s
İstanbul,DeFacto,"Akşemsettin, Fevzi Paşa Cd. No: 43 D:1A, 34080 Fatih/İstanbul, Türkiye",ChIJ7-ixdSG6yhQRtW1hBOkPAiE
İstanbul,DeFacto,"Akşemsettin Mah. Adnan Menderes Vatan Bulv. Historia Alışveriş Merkezi, No: 2, 34080 Fatih/İstanbul, Türkiye",ChIJu0N8xyW6yhQROtsK-NGztd0
İstanbul,DeFacto,"Bağlarbaşı, Bağlarbaşı Cd. No: 22-24/A, 34245 Gaziosmanpaşa/İstanbul, Türkiye",ChIJtefnFo-wyhQReDpe1zt2O74
İstanbul,DeFacto,"Kuştepe, Mecidiyeköy Yolu Cd. No:12, 34381 Şişli/İstanbul, Türkiye",ChIJ40qAR_y2yhQRJ6BxA0p4bLg
İstanbul,DeFacto,"Tevfik Bey, Halkalı Cd No:130, 34295 Küçükçekmece/İstanbul, Türkiye",ChIJh72Y-4mjyhQRy-ZRSzdBz28
İstanbul,DeFacto,"Barış, Sakarya Cd. No:1, 34520 Beylikdüzü/İstanbul, Türkiye",ChIJUb1bE5RftRQRHfhg_lKh9M0
İstanbul,DeFacto,"Cevahir AVM, 19 Mayıs, Büyükdere Cd. D:22/90-106, 34363 Şişli/İstanbul, Türkiye",ChIJD1EPLwK3yhQRMTgGl1zMjek
İstanbul,DeFacto,"Hüseyinağa, İstiklal Cd. Grandpera Alışveriş Merkezi No: 56-58 Daire: B1-27-31-38, 34435 Beyoğlu/İstanbul, Türkiye",ChIJKUfBPyKhyhQRGpl-n50sEYo
İstanbul,DeFacto,"Yeşilpınar, Girne Cd Vialand AVM No: 1-1 Daire: 2ZK65-70, 34065 Eyüpsultan/İstanbul, Türkiye",ChIJg5r39-WwyhQR3ybRN4PM-4w
İstanbul,DeFacto,"Yenibosna Merkez, Değirmenbahçe Cd. No:34, 34197 Bahçelievler/İstanbul, Türkiye",ChIJh2N7fYikyhQRtrkzdSwjkIo
İstanbul,DeFacto,"Ziya Gökalp, Süleyman Demirel Blv No:7, 34490 Başakşehir/İstanbul, Türkiye",ChIJbUpOtZ6lyhQRZWd0it-xcz8
İstanbul,Defacto,"Cevizli, Maltepe Park AVM No: 67/A, 34846 Maltepe/İstanbul, Türkiye",ChIJt_WKiWzEyhQRpwkzSfbQOl0
İstanbul,DeFacto,"Şirinevler, Adnan Kahveci Blv. Önaldı İş Merkezi No: 6, 34188 Bahçelievler/İstanbul, Türkiye",ChIJl3e-uamkyhQRadYUG7sVHZ4
İstanbul,DeFacto,"Beyazıt, Yeniçeriler Cd., 34130 Fatih/İstanbul, Türkiye",ChIJX-i6iFi5yhQRdWIpcFDOOC4
İzmir,DeFacto Outlet,"Binbaşı Reşatbey, Akçay Cd. No:35, 35410 Gaziemir/İzmir, Türkiye",ChIJ_4B6UQTfuxQRDEeb4BKEOaU
İzmir,DeFacto,"Yeşilova Mah. 4174. Sok. Point Bornova AVM, No: 4, 35080 Bornova/İzmir, Türkiye",ChIJMwwWyOdiuRQR1ZxLrLWyKRE
İzmir,DeFacto,"Çetin Emeç, Kıvanç Sok Selway Outlet Alışveriş Merkezi No:105 No: 80, 35330 Balçova/İzmir, Türkiye",ChIJf-Bi5yjcuxQRfiQK6KNkIFo
İzmir,DeFacto,"Konak, Anafartalar Cd. No:28, 35250 Konak/İzmir, Türkiye",ChIJXSNxYhfZuxQR_Wrd94lhTmo
İzmir,DeFacto,"Beyazevler, Akçay Cd. No:012, 35410 Gaziemir/İzmir, Türkiye",ChIJOcX-0rbfuxQRstMXsQre5dc
İzmir,DeFacto,"Westpark AVM, R. Şevket İnce, 2148/9. Sok No: 1 D:1B24, 35540 Bayraklı/İzmir, Türkiye",ChIJ39Ctz2B9uRQRc7iCwyduDZI
İzmir,DeFacto,"Efeler, Menderes Cd. No:189, 35380 Buca/İzmir, Türkiye",ChIJxTPeDrTYuxQR0im9CZklRoY
İzmir,DeFacto,"Donanmacı, Kemal Paşa Cd. No: 125, 35580 Karşıyaka/İzmir, Türkiye",ChIJo2_SSMjZuxQRGYtFgblTmks
İzmir,DeFacto,"Mavibahçe AVM, Mavişehir, Caher Dudayev Blv No:40 D:215, 35540 Karşıyaka/İzmir, Türkiye",ChIJt6qqqpPZuxQRncyAffjp3ac
İzmir,DeFacto,"Köyiçi, Anadolu Cd. No:788/1, 35640 Çiğli/İzmir, Türkiye",ChIJrfoze6bQuxQRhlWrDN7o_1E
İzmir,DeFacto,"Ataşehir Mh, 8280. Sk. No:40, 35620 Çiğli/İzmir, Türkiye",ChIJIRgYMw3auxQR8TMeUi0__1Q
İzmir,DeFacto,"Beyazevler, Optimum Outlet Alışveriş Merkezi Numara: ZK - 012, 35410 Gaziemir/İzmir, Türkiye",ChIJq6qqqtrfuxQRXehO1yj68Lo
İzmir,DeFacto,"Kasımpaşa Mah, Atatürk Bulv, Çavdar Sk. No: 1, 35660 Menemen/İzmir, Türkiye",ChIJZ_XB5HvTuxQRdfjFDxJdzrk
İzmir,Defacto Mağazası,"Org. Nafiz Gürman, 35510 Bayraklı/İzmir, Türkiye",ChIJMwTNPwDXuxQRHD_V8C19pRE
Kars,DeFacto,"Ortakapı, Faikbey Cd. No: 86, 36000 Kars Merkez/Kars, Türkiye",ChIJ0Uk5bNuOaUARwqmIN02ggHs
Kastamonu,DeFacto,"Aktekke, Yalçın Cd. 8/A, 37200 Merkez/Kastamonu Merkez/Kastamonu Merkez/Kastamonu, Türkiye",ChIJGXK1lqjwhEARNQrX27OzM-k
Kayseri,DeFacto,"Şeker Mah. Meysu Outlet No: 364, Osman Kavuncu Blv., 38080 Kocasinan/Kayseri, Türkiye",ChIJWadgeQQQKxURuCSpU6o3oRI
Kayseri,DeFacto,"2 Alparsalan Mah Org. Eşref Bitlis Bulv, Alpaslan, Park AVM 10/201, 38030 Melikgazi/Kayseri, Türkiye",ChIJ53i8sl4SKxURfc4JI-NXCWw
Kayseri,DeFacto,"Almer AVM, Gevhernesibe, İstasyon Cd. Numara: 3 Z03, 38010 Kocasinan/Kayseri, Türkiye",ChIJwZ6ICngTKxURZu4zWOs_K9w
Kayseri,DeFacto,"Hunat, Sivas Blv. 24/1, 38030 Melikgazi/Kayseri, Türkiye",ChIJz-W3phMSKxURwqPNDSvC4Uw
Kayseri,DeFacto,"Oymaağaç Mah. S.S. Erciyes Küçük San.Sit. Yapi kooperatifi 5062. Cad Kumsmall AVM No: 59/A, 38090 Kocasinan/Kayseri, Türkiye",ChIJ63uJ1TMRKxUR6SY8ykaXYvE
Kayseri,Defacto Kayseri,"Cumhuriyet, Millet Cd. No:15, 38050 Melikgazi/Kayseri, Türkiye",ChIJHR3qZg8SKxURicGxOeudnKc
Kırklareli,DeFacto,"Karacaibrahim, Fevzi Çakmak Blv. No: 8, 39010 Kırklareli Merkez/Kırklareli, Türkiye",ChIJTZyuEy9Tp0ARoX4Rxsc3HtQ
Kırşehir,DeFacto,"Kuşdilli, Terme Cd. No:38 D:E, 40100 Kırşehir Merkez/Kırşehir, Türkiye",ChIJK8MKJsxy1RQR7FpZ9XscIHs
Kocaeli,DeFacto,"Ömerağa, İstiklal Cd. No:96, 41300 İzmit/Kocaeli, Türkiye",ChIJ-cyUzIFFyxQRZEkg4PRbyBU
Kocaeli,DeFacto,"Ömerağa, Cumhuriyet Cd. No: 104, 41300 İzmit/Kocaeli, Türkiye",ChIJ3yp4w4FFyxQR0eCDIsoxW_c
Kocaeli,DeFacto Outlet,"Sanayi, Ömer Türkçakal Blv. No:7, 41040 İzmit/Kocaeli, Türkiye",ChIJx150I2FFyxQRDk22j65PbP0
Kocaeli,DeFacto,"Merkez, Amiral Sağlam Cd. No: 6, 41950 Gölcük/Kocaeli, Türkiye",ChIJ27k7s81AyxQRTNiP3iOrfJk
Kocaeli,DeFacto,"Ovacık Mah D-100 Karayolu Üzeri Symbol Kocaeli AVM D:34/GF-10B, 41140 Başiskele/Kocaeli, Türkiye",ChIJK3YccANQyxQRmWHISn5l8qg
Kocaeli,DeFacto,"Tatlıkuyu Mah. Güney Yanyol Cad. Gebze Center AVM No: 310 Kat: 1 Daire: 310, 41400 Gebze/Kocaeli, Türkiye",ChIJEzxVmvQgyxQRKa5TVX7W46I
Kocaeli,DeFacto,"Outlet Center, Sanayi, Ömer Türkçakal Blv. C Blok Numara: 8C-101, 41040 İzmit/Kocaeli, Türkiye",ChIJcxqJBGlFyxQRV2e3unkSNVo
Kocaeli,DeFacto,"28 Haziran, Gölcü Önü Meydanı No:14, 41060 Gebze/Kocaeli (Izmit), Türkiye",ChIJNWiF-ZRPyxQRlLV3tJ5Iz_k
Konya,DeFacto,"Bedir Mah. Ataseven Cad. Kentplaza Alışveriş Merkezi No: 2 D: 118, 42100 Selçuklu/Konya, Türkiye",ChIJIVNxdoGP0BQRKeSxmGACItE
Konya,DeFacto,"Kule Site Alışveriş Merkezi, Musalla Bağları, Kule Cd. No: 8, 42060 Selçuklu/Konya, Türkiye",ChIJQ-5ty3eF0BQRALiGypLY3sk
Konya,DeFacto,"Aziziye, Mevlana Cd. No: 59 Z01, 42030 Karatay/Konya, Türkiye",ChIJgV0boAOF0BQRFjDYIe1bRPk
Konya,DeFacto,"Yazır Doçent Doktor Halil Ürün Caddesi No:22 D:Mağaza 63 - B, 42250 Selçuklu/Konya, Türkiye",ChIJLXR5DFmO0BQRQakE5rpiX-w
Konya,DeFacto,"Karaciğan Mahallesi Ankara Caddesi Numara: 72-Z06, Karatay/Konya, Türkiye",ChIJAQAADHGF0BQRKTgoKMmICcs
Konya,DeFacto,"Beyhekim Mah, Kazım Karabekir Cd. No: 26/A, 42130 Selçuklu/Konya, Türkiye",ChIJOTVNXamF0BQRw-BfbzUYGe4
Konya,DeFacto,"Konya Novada, Sancak, Dr. Sadık Ahmet Cd., 42250 Selçuklu/Konya, Türkiye",ChIJuyLSWT2O0BQRaKMKgvGJ14M
Kütahya,DeFacto,"Akkent, Kütahya-Eskişehir Karayolu 1. Km. Sera Kütahya D:1, 43100 Merkez/Kütahya Merkez/Kütahya, Türkiye",ChIJJeksWmBIyRQRIKDO2fsgmFI
Kütahya,DeFacto,"Alipaşa, Cumhuriyet Cd. No: 52, 43020 Kütahya Merkez/Kütahya, Türkiye",ChIJxY5jKAlIyRQRkMbQxiQiof8
Malatya,DeFacto,"İnönü Mah. Inönü Cad MalatyaPark Alışveriş Merkezi No: 192 Kat: Zemin Daire: Z56A-Z70-Z69, 44100 Yeşilyurt/Malatya, Türkiye",ChIJE_CfPa42dkARxW1zpGGJCek
Malatya,DeFacto,"Merkez Beydağı, İnönü, İnönü Cd. Malatya Park AVM No: 178-Z40, Yeşilyurt/Malatya, Türkiye",ChIJAQAAACkxdkARMeFbjWWLp0U
Malatya,DeFacto,"B.Hüseyinbey Mah, Atatürk Cd. No: 31-1, 44100 Battalgazi/Malatya, Türkiye",ChIJo-ftDsE2dkARmK_Un3IeF6M
Malatya,DeFacto,"Çamurlu, Buhara Bulvarı No: 1 Z06, 44320 Battalgazi/Malatya, Türkiye",ChIJ6ViBwwU3dkARHp0ieu19r4Q
Malatya,DeFacto,"Merkez Beydağı, Atatürk Cd. No:31, 44100 Battalgazi/Malatya, Türkiye",ChIJo-ftDsE2dkARUrnbOVbGRFk
Manisa,DeFacto,"1. Anafartalar, Mustafa Kemal Paşa Cd. No:36/A, 45020 Şehzadeler/Manisa, Türkiye",ChIJYaUnQGucuRQRtDRh0Ks7moE
Manisa,DeFacto,"Laleli Ali Rıza Efendi Caddesi, AVM No:4 D:127, 45030 Merkez/Manisa, Türkiye",ChIJYf3gjPKcuRQRB9ySmONldqs
Kahramanmaraş,DeFacto,"Şazi Bey, Haydar Aliyev Blv. Piazza AVM No:3 No: 3 Daire: 224, 46040 Shawnee Mission/Onikişubat/Kahramanmaraş, Türkiye",ChIJt4yFdqXdLRUR5V-TFVI7wXE
Muğla,DeFacto,"Emirbeyazıt Mah Uğur Mumcu Bulv. 28. Sok, Rüya Park AVM No:14, 48050 Menteşe/Muğla, Türkiye",ChIJcwzld0ByvxQRQj4Y3iK36sQ
Muş,DeFacto,"D: 1, Hürriyet, Atatürk Blv. No:125, 49000 Merkez/Muş Merkez/Muş, Türkiye",ChIJ5dLxpPLlckARXcdLS7Zp4Ug
Nevşehir,DeFacto,"Nissara AVM, Yeni, Milli İrade Cad No: 2 Daire: 37, 50160 Nevşehir Merkez/Nevşehir, Türkiye",ChIJYeo0evxvKhURD5LcAh2Y5pU
Nevşehir,DeFacto,"Bahçelievler, Mustafa Parmaksız Cd. No:56, 50200 Nevşehir Merkez/Nevşehir, Türkiye",ChIJ813nPkduKhURkc0fGbK4AhE
Niğde,DeFacto,"Kale, Dr. Hüseyin Ülkü Cd. Niğde Park Blok No: 29 Daire: 1, 51100 Niğde Merkez/Niğde, Türkiye",ChIJK-NMG-vnKRURSqVUqgj-17g
Ordu,DeFacto,"Şarkiye, Cumhuriyet Cd. 26/A, 52000 Altınordu/Ordu, Türkiye",ChIJwRfFSTYgY0ARIRCrOQIfelk
Ordu,DeFacto,"Şarkiye, Kazım Karabekir Cd. No:46 No: 40, 52000 Ordu Merkez/Ordu, Türkiye",ChIJ21xMWTYgY0ARLaHrzxYK7nY
Ordu,DeFacto,"Şarkiye, Süleyman Felek Cd. No:110, 52000 Ordu Merkez/Ordu, Türkiye",ChIJFZofFzYgY0ARxRDSFLgSfuU
Rize,DeFacto,"Müftü Mah. Atatürk Cad. Şimal AVM No: 548/29, 53020 Rize Merkez/Rize, Türkiye",ChIJf5ZNUlt7ZkARoEmjBtOvQ_E
Rize,DeFacto,"Tophane, Cumhuriyet Cd. No: 192, 53020 Rize Merkez/Rize, Türkiye",ChIJO-gnYFllZkAR_ow9lrlm35w
Sakarya,DeFacto,"Erenler, Sakarya Cd No:324, 54200 Erenler/Sakarya, Türkiye",ChIJt3mPvHKzzBQRj7MuuGHroGY
Sakarya,DeFacto,"Semerciler, Çark Cd. No:17, 54100 Adapazarı/Sakarya, Türkiye",ChIJw_KzIS2zzBQR8WkJ-WAiDUI
Sakarya,DeFacto,"Arabacıalanı, 54. Cd No:3, 54050 Serdivan/Sakarya, Türkiye",ChIJLbfiRruzzBQRxzJjCN_vZiw
Sakarya,DeFacto,"Arabacıalanı, Eski Kazım Paşa Cd No:14, 54050 Serdivan/Sakarya, Türkiye",ChIJix3nX9CyzBQR-MQSrtgOMFQ
Sakarya,DeFacto,"Arabacıalanı Mah. Mehmet Akif Ersoy Cad Serdivan Alışveriş Merkezi No: 49 Kat: 1, 54050 Serdivan/Sakarya, Türkiye",ChIJOTGBELiyzBQRHQA6nL0XZhs
Samsun,DeFacto,"İlyasköy Mah. 19 Mayıs Bulv Bulvar AVM No: G-06A-F-08A-SF-08A Kat: Zemin, 55030 İlkadım/Samsun, Türkiye",ChIJRzGEdrh3iEARhk_wbnLkJWM
Samsun,DeFacto,"Yenimahalle, Çarşamba Cd. Piazza Alışveriş Merkezi No: 52 Kat: 2 Daire: 12, 55080 Canik/Samsun, Türkiye",ChIJH5wJ_zl2iEARbXkZZH7YwhM
Samsun,DeFacto,"No:, Kale, Gazi Cd. No:56, 55030 İlkadım/Samsun, Türkiye",ChIJRQNSxLh3iEARAHrPiH6Oqhc
Siirt,DeFacto,"Yeni, Cengiz Topel Cd. Andera Park AVM No: 69/1, 56100 Siirt Merkez/Siirt, Türkiye",ChIJc0KXt8CHDEARdEFm9ugBxnY
Sivas,DeFacto,"Gültepe, Farabi Cd. No:22, 58010 Merkez/Sivas, Türkiye",ChIJk7yfDFqrfkAR2Os6zU_T1v8
Sivas,DeFacto,"Örtülüpınar Mah. İnönü Bulv. Kitapçı Apt. No: 18/B, 58000 Merkez/Sivas, Türkiye",ChIJ-VwFzSSrfkAR8b040hLwfJc
Tekirdağ,DeFacto,"Aydoğdu Mah. Hükümet Cad Tekira AVM No: 248A Kat: Zemin Daire: 35A, 59100 Süleymanpaşa/Tekirdağ, Türkiye",ChIJmb0Da4CKtBQRAU_be-osYME
Trabzon,DeFacto,"Gazipaşa, Uzun Sk. No: 9/A, 61050 Ortahisar/Trabzon, Türkiye",ChIJL2_MQ0Q8ZEARQ71PvvOpUFw
Trabzon,DeFacto,"Kemerkaya Mah, Boztepe, Kunduracılar Cd. Beşer Sok No: 4, 61050 Merkez/Trabzon, Türkiye",ChIJpTMan0U8ZEARw1H6vO5-EWE
Şanlıurfa,DeFacto,"Esentepe Mah. Osmangazi Cad. Urfa City Alışveriş Merkezi No: 19 Daire: 1, 63320 Karaköprü/Şanlıurfa, Türkiye",ChIJe-2ihD1wNBURG-0UkSM96vE
Şanlıurfa,DeFacto,"Bamyasuyu Mah 147. Sokak Novada Park Şanlıurfa Alışveriş Merkezi No:5 D:BF01-CF33-FF1-23, 63040 Haliliye/Şanlıurfa, Türkiye",ChIJ0QnQA7RxNBURlIMBmsPm3fY
Şanlıurfa,DeFacto,"Karakoyunlu 11 Nisan Fuar Caddesi No:42 D:AZK - 030, 63200 Merkez/Şanlıurfa, Türkiye",ChIJc1XoKp5xNBURyMv8cuMZeHU
Uşak,DeFacto,"Durak, Fatih Cd. No:2/104, 64000 Merkez/Uşak, Türkiye",ChIJvTmWs8R_yBQRSvV5bDX0iu0
Uşak,DeFacto,"Sarayaltı, Gazi Blv. Festiva AVM No: 173 Daire: 11-12-13, 64200 Merkez/Uşak, Türkiye",ChIJ1U-sC2CAyBQRdIdRwoWcmhs
Van,DeFacto,"Bahçıvan Mah. 1771. Sok, Merkez, Kazım Karabekir Blv. No: 27, 65100 Van Merkez/Van, Türkiye",ChIJmZZwlmpwEkARo22YKvVlKN0
Van,DeFacto,"Şerefiye Cumhuriyet Bulv 87 / EU, 65040 İpekyolu/Van, Türkiye",ChIJoerqXkBwEkARMCGpd3MP_KM
Van,DeFacto,"Serhat Mah. Van Alışveriş Merkezi No: 147 Daire: 8, İpekyolu, Van, 65100 İpekyolu/Van, Türkiye",ChIJWxLAR0RwEkAR-ckFvvlDE1c
Yozgat,DeFacto,"Fatih, Adnan Menderes Blv. No:184A, 66100 Yozgat Merkez/Yozgat, Türkiye",ChIJW90xNadwgEARm-PDxNSkp4M
Zonguldak,DeFacto,"Mithatpaşa, Gazi Paşa Cd. No:57, 67100 Zonguldak Merkez/Zonguldak, Türkiye",ChIJISXwdXt8nEARwZmiJheVFbM
Aksaray,DeFacto,"Aksaray, Langa Bostanları Sk. No: 2, 34096 Fatih/İstanbul, Türkiye",ChIJ0Q_Maom5yhQRvMvX0fDeG_Y
Aksaray,DeFacto,"Kılıçaslan, Atatürk Blv. No:106C, 68100 Aksaray Merkez/Aksaray, Türkiye",ChIJfxRkG066yhQRsRvMHSX0KYs
Karaman,DeFacto,"Karaman Park AVM No:, Fatih, 1979. Sok D:3, 70110 Karaman Merkez/Karaman, Türkiye",ChIJ2U1uejCN2RQR3O-baBc0Ekc
Kırıkkale,DeFacto,"Fabrikalar Mah. Hürriyet Cad. 4. Sok Altunbilekler Alışveriş Merkezi No: 7/R Daire: 25A, 71200 Kırıkkale Merkez/Kırıkkale, Türkiye",ChIJP4VKmaDfgUARB5ybIh608IQ
Kırıkkale,DeFacto,"Bayraktepe, Bağdat Cad Podium Alışveriş Merkezi No: 6 Kat: 1 Daire: Z/53, 71450 Yahşihan/Kırıkkale, Türkiye",ChIJyxgorsffgUARG1WbxbMUChQ
Şırnak,Defacto Mavis Store,"No:, Şah, Sanayi Cd. No:24, 73200 Cizre/Şırnak, Türkiye",ChIJfz53ZgNkCUARhFeS2mPxHHw
Şırnak,Lcwaikiki Lufian mavi Loft Defacto,"Aydınlıkevler, 73000 Şırnak Merkez/Şırnak, Türkiye",ChIJI0YFJgBVCUARdLTTKcaSWzg
Bartın,Defacto,"Kırtepe, Tersane Cd., 74100 Bartın Merkez/Bartın, Türkiye",ChIJeXhfIW5zm0ARQi70DJ4K5ZA
Bartın,Defacto,"Kemer Köprü, Şadırvan Cd. 20 A, 74100 Bartın Merkez/Bartın, Türkiye",ChIJ1SFBeDFym0ARywLPBX6hfkk
Yalova,DeFacto,"Rüstem Paşa, Gazi Paşa Cd. No:2/3, 77200 Yalova Merkez/Yalova, Türkiye",ChIJ-eMLiS3lyhQRjjlynEu-BZs
Karabük,DeFacto,"Bayır, Kıbrıs Şehitleri Cd. No:20, 78030 Merkez/Karabük, Türkiye",ChIJ7SQKVNKsnEARrm9HZDrM9Vo
Osmaniye,DeFacto,"Adnan Menderes, Park 328 Alisveris Merkezi No: 17 Daire: Z48, 80010 Osmaniye Merkez/Osmaniye, Türkiye",ChIJM6XrSbwhLxURGtBqeYFndmY
Düzce,DeFacto,"Kültür Mah, Merkez, İstanbul Cd. Krem Park Alışveriş Merkezi No:116, 81010 Düzce, Türkiye",ChIJsQN-BFl1nUARJMXLYi4k1j8
Düzce,DeFacto,"Merkez, İstanbul Cd. No:98, 81600 Düzce, Türkiye",ChIJryaZ_1p1nUARROebaVx-WmM
